File,Function,LOC,SLOC-P,SLOC-L,MVG,BLOC,C&SLOC,CLOC,CWORD
G:\Google Drive\Digipen Institute of Technology\GAM 200\Repository\DCEngine\Core\Main.cpp,"main(int argc, char* args[])",11,6,6,0,5,0,0,0,
G:\Google Drive\Digipen Institute of Technology\GAM 200\Repository\DCEngine\Core\Components\BoxCollider.cpp,BoxCollider::Initialize(),12,6,5,1,2,0,4,34,
G:\Google Drive\Digipen Institute of Technology\GAM 200\Repository\DCEngine\Core\Components\BoxCollider.cpp,BoxCollider::DrawCollider(),8,7,3,0,1,3,0,7,
G:\Google Drive\Digipen Institute of Technology\GAM 200\Repository\DCEngine\Core\Components\BoxCollider.cpp,BoxCollider::Serialize(Json::Value & root),1,1,1,0,0,0,0,0,
G:\Google Drive\Digipen Institute of Technology\GAM 200\Repository\DCEngine\Core\Components\BoxCollider.cpp,BoxCollider::Deserialize(Json::Value & root),1,1,1,0,0,0,0,0,
G:\Google Drive\Digipen Institute of Technology\GAM 200\Repository\DCEngine\Core\Components\BoxCollider.cpp,BoxCollider::OnCollisionStartedEvent(Events::CollisionStarted * event),2,1,1,0,0,0,1,3,
G:\Google Drive\Digipen Institute of Technology\GAM 200\Repository\DCEngine\Core\Components\BoxCollider.cpp,BoxCollider::OnCollisionEndedEvent(Events::CollisionEnded * event),2,1,1,0,1,0,0,0,
G:\Google Drive\Digipen Institute of Technology\GAM 200\Repository\DCEngine\Core\Components\BoxCollider.cpp,BoxCollider::OnLogicUpdateEvent(Events::LogicUpdate* event),2,2,2,0,0,0,0,0,
G:\Google Drive\Digipen Institute of Technology\GAM 200\Repository\DCEngine\Core\Components\BoxCollider.cpp,BoxCollider::getSize(void),2,2,2,1,0,0,0,0,
G:\Google Drive\Digipen Institute of Technology\GAM 200\Repository\DCEngine\Core\Components\BoxCollider.cpp,BoxCollider::getOffset(void),2,2,2,1,0,0,0,0,
G:\Google Drive\Digipen Institute of Technology\GAM 200\Repository\DCEngine\Core\Components\BoxCollider.cpp,BoxCollider::getGhost(void),2,2,2,1,0,0,0,0,
G:\Google Drive\Digipen Institute of Technology\GAM 200\Repository\DCEngine\Core\Components\BoxCollider.cpp,BoxCollider::getSendsEvents(void),2,2,2,1,0,0,0,0,
G:\Google Drive\Digipen Institute of Technology\GAM 200\Repository\DCEngine\Core\Components\Camera.cpp,Camera::Camera(Entity & owner),1,1,1,0,0,0,0,0,
G:\Google Drive\Digipen Institute of Technology\GAM 200\Repository\DCEngine\Core\Components\Camera.cpp,Camera::Initialize(),19,9,7,1,4,0,6,24,
G:\Google Drive\Digipen Institute of Technology\GAM 200\Repository\DCEngine\Core\Components\Camera.cpp,Camera::OnLogicUpdate(Events::LogicUpdate* event),3,2,2,0,0,0,1,3,
G:\Google Drive\Digipen Institute of Technology\GAM 200\Repository\DCEngine\Core\Components\Camera.cpp,Camera::Update(),8,7,5,1,0,0,1,5,
G:\Google Drive\Digipen Institute of Technology\GAM 200\Repository\DCEngine\Core\Components\Camera.cpp,Camera::GetViewMatrix(),2,2,2,1,0,0,0,0,
G:\Google Drive\Digipen Institute of Technology\GAM 200\Repository\DCEngine\Core\Components\Camera.cpp,Camera::UpdateCameraVectors(),18,14,13,1,2,0,2,12,
G:\Google Drive\Digipen Institute of Technology\GAM 200\Repository\DCEngine\Core\Components\Camera.cpp,Camera::GetProjectionMatrix(),25,18,9,5,4,0,3,31,
G:\Google Drive\Digipen Institute of Technology\GAM 200\Repository\DCEngine\Core\Components\Camera.cpp,Camera::Serialize(Json::Value & root),1,1,1,0,0,0,0,0,
G:\Google Drive\Digipen Institute of Technology\GAM 200\Repository\DCEngine\Core\Components\Camera.cpp,Camera::Deserialize(Json::Value & root),1,1,1,0,0,0,0,0,
G:\Google Drive\Digipen Institute of Technology\GAM 200\Repository\DCEngine\Core\Components\CameraViewport.cpp,CameraViewport::Initialize(),6,2,2,0,1,0,3,21,
G:\Google Drive\Digipen Institute of Technology\GAM 200\Repository\DCEngine\Core\Components\CameraViewport.cpp,CameraViewport::Serialize(Json::Value & root),3,1,1,0,1,0,1,10,
G:\Google Drive\Digipen Institute of Technology\GAM 200\Repository\DCEngine\Core\Components\CameraViewport.cpp,CameraViewport::Deserialize(Json::Value & root),1,1,1,0,0,0,0,0,
G:\Google Drive\Digipen Institute of Technology\GAM 200\Repository\DCEngine\Core\Components\CameraViewport.cpp,CameraViewport::setCamera(),6,2,2,0,2,0,2,12,
G:\Google Drive\Digipen Institute of Technology\GAM 200\Repository\DCEngine\Core\Components\DebugCamera.cpp,DebugCamera::Initialize(),5,5,5,0,0,0,0,0,
G:\Google Drive\Digipen Institute of Technology\GAM 200\Repository\DCEngine\Core\Components\DebugCamera.cpp,DebugCamera::OnKeyDownEvent(Events::KeyDown * event),39,32,23,8,5,0,2,4,
G:\Google Drive\Digipen Institute of Technology\GAM 200\Repository\DCEngine\Core\Components\DebugCamera.cpp,DebugCamera::PrintTranslation(),4,4,2,0,0,0,0,0,
G:\Google Drive\Digipen Institute of Technology\GAM 200\Repository\DCEngine\Core\Components\DebugCamera.cpp,DebugCamera::OnKeyUpEvent(Events::KeyUp * event),1,1,1,0,0,0,0,0,
G:\Google Drive\Digipen Institute of Technology\GAM 200\Repository\DCEngine\Core\Components\DebugCamera.cpp,DebugCamera::Serialize(Json::Value & root),1,1,1,0,0,0,0,0,
G:\Google Drive\Digipen Institute of Technology\GAM 200\Repository\DCEngine\Core\Components\DebugCamera.cpp,DebugCamera::Deserialize(Json::Value & root),1,1,1,0,0,0,0,0,
G:\Google Drive\Digipen Institute of Technology\GAM 200\Repository\DCEngine\Core\Components\DebugCollider.cpp,DebugCollider::Initialize(),10,6,6,0,1,0,3,12,
G:\Google Drive\Digipen Institute of Technology\GAM 200\Repository\DCEngine\Core\Components\DebugCollider.cpp,DebugCollider::Serialize(Json::Value & root),1,1,1,0,0,0,0,0,
G:\Google Drive\Digipen Institute of Technology\GAM 200\Repository\DCEngine\Core\Components\DebugCollider.cpp,DebugCollider::Deserialize(Json::Value & root),1,1,1,0,0,0,0,0,
G:\Google Drive\Digipen Institute of Technology\GAM 200\Repository\DCEngine\Core\Components\DebugCollider.cpp,DebugCollider::OnCollisionStartedEvent(Events::CollisionStarted * event),8,4,3,0,1,0,3,6,
G:\Google Drive\Digipen Institute of Technology\GAM 200\Repository\DCEngine\Core\Components\DebugCollider.cpp,DebugCollider::OnCollisionEndedEvent(Events::CollisionEnded * event),5,2,2,0,1,0,2,8,
G:\Google Drive\Digipen Institute of Technology\GAM 200\Repository\DCEngine\Core\Components\DebugMoveController.cpp,DebugMoveController::Initialize(),8,5,5,0,3,1,0,1,
G:\Google Drive\Digipen Institute of Technology\GAM 200\Repository\DCEngine\Core\Components\DebugMoveController.cpp,DebugMoveController::Serialize(Json::Value & root),1,1,1,0,0,0,0,0,
G:\Google Drive\Digipen Institute of Technology\GAM 200\Repository\DCEngine\Core\Components\DebugMoveController.cpp,DebugMoveController::Deserialize(Json::Value & root),1,1,1,0,0,0,0,0,
G:\Google Drive\Digipen Institute of Technology\GAM 200\Repository\DCEngine\Core\Components\DebugMoveController.cpp,DebugMoveController::OnKeyDownEvent(Events::KeyDown* event),36,34,24,9,2,0,0,0,
G:\Google Drive\Digipen Institute of Technology\GAM 200\Repository\DCEngine\Core\Components\DebugMoveController.cpp,DebugMoveController::OnKeyUpEvent(Events::KeyUp* event),14,13,9,1,1,0,0,0,
G:\Google Drive\Digipen Institute of Technology\GAM 200\Repository\DCEngine\Core\Components\DebugMoveController.cpp,DebugMoveController::OnMouseDownEvent(Events::MouseDown * event),3,2,2,0,1,0,0,0,
G:\Google Drive\Digipen Institute of Technology\GAM 200\Repository\DCEngine\Core\Components\DebugMoveController.cpp,DebugMoveController::SetFootstepSound(std::string & soundfileName),6,3,3,0,1,0,2,17,
G:\Google Drive\Digipen Institute of Technology\GAM 200\Repository\DCEngine\Core\Components\DebugMoveController.cpp,DebugMoveController::PlayFootstepSound(),2,1,1,0,0,0,1,1,
G:\Google Drive\Digipen Institute of Technology\GAM 200\Repository\DCEngine\Core\Components\DebugMoveController.cpp,DebugMoveController::PrintTranslation(),4,4,2,0,0,0,0,0,
G:\Google Drive\Digipen Institute of Technology\GAM 200\Repository\DCEngine\Core\Components\DebugReport.cpp,DebugReport::Initialize(),4,3,3,0,1,0,0,0,
G:\Google Drive\Digipen Institute of Technology\GAM 200\Repository\DCEngine\Core\Components\DebugReport.cpp,DebugReport::Serialize(Json::Value & root),1,1,1,0,0,0,0,0,
G:\Google Drive\Digipen Institute of Technology\GAM 200\Repository\DCEngine\Core\Components\DebugReport.cpp,DebugReport::Deserialize(Json::Value & root),1,1,1,0,0,0,0,0,
G:\Google Drive\Digipen Institute of Technology\GAM 200\Repository\DCEngine\Core\Components\DebugReport.cpp,DebugReport::OnKeyDownEvent(Events::KeyDown * event),6,6,3,1,0,0,0,0,
G:\Google Drive\Digipen Institute of Technology\GAM 200\Repository\DCEngine\Core\Components\DebugReport.cpp,DebugReport::OnKeyUpEvent(Events::KeyUp * event),2,1,1,0,1,0,0,0,
G:\Google Drive\Digipen Institute of Technology\GAM 200\Repository\DCEngine\Core\Components\DebugReport.cpp,DebugReport::OnMouseDownEvent(Events::MouseDown * event),2,1,1,0,1,0,0,0,
G:\Google Drive\Digipen Institute of Technology\GAM 200\Repository\DCEngine\Core\Components\DebugReport.cpp,DebugReport::OnLogicUpdateEvent(Events::LogicUpdate * event),13,2,2,0,0,0,11,55,
G:\Google Drive\Digipen Institute of Technology\GAM 200\Repository\DCEngine\Core\Components\DebugReport.cpp,DebugReport::DebugDraw(),15,14,9,1,1,0,0,0,
G:\Google Drive\Digipen Institute of Technology\GAM 200\Repository\DCEngine\Core\Components\GraphicsSpace.cpp,GraphicsSpace::Initialize(),7,4,4,0,0,0,3,19,
G:\Google Drive\Digipen Institute of Technology\GAM 200\Repository\DCEngine\Core\Components\GraphicsSpace.cpp,GraphicsSpace::Serialize(Json::Value & root),2,1,1,0,1,0,0,0,
G:\Google Drive\Digipen Institute of Technology\GAM 200\Repository\DCEngine\Core\Components\GraphicsSpace.cpp,GraphicsSpace::Deserialize(Json::Value & root),2,1,1,0,1,0,0,0,
G:\Google Drive\Digipen Institute of Technology\GAM 200\Repository\DCEngine\Core\Components\GraphicsSpace.cpp,GraphicsSpace::OnSpriteRegistrationEvent(Events::SpriteRegistration* eventObj),4,4,3,0,0,0,0,0,
G:\Google Drive\Digipen Institute of Technology\GAM 200\Repository\DCEngine\Core\Components\GraphicsSpace.cpp,GraphicsSpace::AddSpriteText(SpriteText& spriteText),4,4,3,0,0,0,0,0,
G:\Google Drive\Digipen Institute of Technology\GAM 200\Repository\DCEngine\Core\Components\GraphicsSpace.cpp,"GraphicsSpace::DrawCircle(Real3& pos, Real& radius, Real4& color)",3,3,3,0,0,0,0,0,
G:\Google Drive\Digipen Institute of Technology\GAM 200\Repository\DCEngine\Core\Components\GraphicsSpace.cpp,"GraphicsSpace::DrawRectangle(Real3& pos, Real& width, Real& height, Real4& color)",3,3,3,0,0,0,0,0,
G:\Google Drive\Digipen Institute of Technology\GAM 200\Repository\DCEngine\Core\Components\GraphicsSpace.cpp,"GraphicsSpace::DrawLineSegment(Real3& startPos, Real3& endPos, Real& length, Real4& color)",3,3,3,0,0,0,0,0,
G:\Google Drive\Digipen Institute of Technology\GAM 200\Repository\DCEngine\Core\Components\GraphicsSpace.cpp,GraphicsSpace::getSprites(),2,2,2,1,0,0,0,0,
G:\Google Drive\Digipen Institute of Technology\GAM 200\Repository\DCEngine\Core\Components\GraphicsSpace.cpp,GraphicsSpace::getSpriteTextContainer(),2,2,2,1,0,0,0,0,
G:\Google Drive\Digipen Institute of Technology\GAM 200\Repository\DCEngine\Core\Components\PhysicsSpace.cpp,PhysicsSpace::PhysicsSpace(Entity& owner),2,1,1,0,1,0,0,0,
G:\Google Drive\Digipen Institute of Technology\GAM 200\Repository\DCEngine\Core\Components\PhysicsSpace.cpp,PhysicsSpace::Initialize(),4,2,2,0,1,0,1,7,
G:\Google Drive\Digipen Institute of Technology\GAM 200\Repository\DCEngine\Core\Components\PhysicsSpace.cpp,PhysicsSpace::Serialize(Json::Value & root),2,1,1,0,1,0,0,0,
G:\Google Drive\Digipen Institute of Technology\GAM 200\Repository\DCEngine\Core\Components\PhysicsSpace.cpp,PhysicsSpace::Deserialize(Json::Value & root),2,1,1,0,1,0,0,0,
G:\Google Drive\Digipen Institute of Technology\GAM 200\Repository\DCEngine\Core\Components\PhysicsSpace.cpp,PhysicsSpace::AddRigidBody(GameObject* rigidbody),3,3,3,0,0,0,0,0,
G:\Google Drive\Digipen Institute of Technology\GAM 200\Repository\DCEngine\Core\Components\PhysicsSpace.cpp,PhysicsSpace::AddCollider(GameObject* collider),3,3,3,0,0,0,0,0,
G:\Google Drive\Digipen Institute of Technology\GAM 200\Repository\DCEngine\Core\Components\PhysicsSpace.cpp,PhysicsSpace::getRigidbodies(),2,2,2,1,0,0,0,0,
G:\Google Drive\Digipen Institute of Technology\GAM 200\Repository\DCEngine\Core\Components\PhysicsSpace.cpp,PhysicsSpace::getColliders(),2,2,2,1,0,0,0,0,
G:\Google Drive\Digipen Institute of Technology\GAM 200\Repository\DCEngine\Core\Components\RigidBody.cpp,RigidBody::Initialize(),8,5,5,0,1,0,2,15,
G:\Google Drive\Digipen Institute of Technology\GAM 200\Repository\DCEngine\Core\Components\RigidBody.cpp,RigidBody::Serialize(Json::Value & root),2,1,1,0,1,0,0,0,
G:\Google Drive\Digipen Institute of Technology\GAM 200\Repository\DCEngine\Core\Components\RigidBody.cpp,RigidBody::Deserialize(Json::Value & root),2,1,1,0,1,0,0,0,
G:\Google Drive\Digipen Institute of Technology\GAM 200\Repository\DCEngine\Core\Components\RigidBody.cpp,RigidBody::AddForce(Real3 force),2,2,2,0,0,0,0,0,
G:\Google Drive\Digipen Institute of Technology\GAM 200\Repository\DCEngine\Core\Components\RigidBody.cpp,RigidBody::Integrate(float dt),35,17,13,2,9,3,9,55,
G:\Google Drive\Digipen Institute of Technology\GAM 200\Repository\DCEngine\Core\Components\RigidBody.cpp,RigidBody::SetPosition(Real3 pos),2,2,2,0,0,0,0,0,
G:\Google Drive\Digipen Institute of Technology\GAM 200\Repository\DCEngine\Core\Components\RigidBody.cpp,RigidBody::SetVelocity(Real3 vel),2,2,2,0,0,0,0,0,
G:\Google Drive\Digipen Institute of Technology\GAM 200\Repository\DCEngine\Core\Components\RigidBody.cpp,RigidBody::PublishResults(void),2,2,2,0,0,0,0,0,
G:\Google Drive\Digipen Institute of Technology\GAM 200\Repository\DCEngine\Core\Components\SoundSpace.cpp,SoundSpace::Initialize(),6,3,3,0,2,0,1,2,
G:\Google Drive\Digipen Institute of Technology\GAM 200\Repository\DCEngine\Core\Components\SoundSpace.cpp,SoundSpace::TestMusic(),5,4,4,0,0,0,1,4,
G:\Google Drive\Digipen Institute of Technology\GAM 200\Repository\DCEngine\Core\Components\SoundSpace.cpp,SoundSpace::OnLogicUpdate(Events::LogicUpdate* event),2,1,1,0,0,0,1,4,
G:\Google Drive\Digipen Institute of Technology\GAM 200\Repository\DCEngine\Core\Components\SoundSpace.cpp,SoundSpace::Serialize(Json::Value & root),1,1,1,0,0,0,0,0,
G:\Google Drive\Digipen Institute of Technology\GAM 200\Repository\DCEngine\Core\Components\SoundSpace.cpp,SoundSpace::Deserialize(Json::Value & root),1,1,1,0,0,0,0,0,
G:\Google Drive\Digipen Institute of Technology\GAM 200\Repository\DCEngine\Core\Components\Sprite.cpp,Sprite::Sprite(Entity& owner),1,1,1,0,0,0,0,0,
G:\Google Drive\Digipen Institute of Technology\GAM 200\Repository\DCEngine\Core\Components\Sprite.cpp,Sprite::Initialize(),15,9,8,1,3,1,3,26,
G:\Google Drive\Digipen Institute of Technology\GAM 200\Repository\DCEngine\Core\Components\Sprite.cpp,Sprite::Serialize(Json::Value & root),1,1,1,0,0,0,0,0,
G:\Google Drive\Digipen Institute of Technology\GAM 200\Repository\DCEngine\Core\Components\Sprite.cpp,Sprite::Deserialize(Json::Value & root),1,1,1,0,0,0,0,0,
G:\Google Drive\Digipen Institute of Technology\GAM 200\Repository\DCEngine\Core\Components\Sprite.cpp,Sprite::setSpriteSource(std::string imageFile),3,3,3,0,0,0,0,0,
G:\Google Drive\Digipen Institute of Technology\GAM 200\Repository\DCEngine\Core\Components\Sprite.cpp,Sprite::getSpriteSource(),2,2,2,1,0,0,0,0,
G:\Google Drive\Digipen Institute of Technology\GAM 200\Repository\DCEngine\Core\Components\Sprite.cpp,Sprite::UpdateFlip(),53,50,30,9,3,1,0,4,
G:\Google Drive\Digipen Institute of Technology\GAM 200\Repository\DCEngine\Core\Components\Sprite.cpp,Sprite::UpdateSprite(),2,2,2,0,0,0,0,0,
G:\Google Drive\Digipen Institute of Technology\GAM 200\Repository\DCEngine\Core\Components\SpriteText.cpp,SpriteText::Initialize(),5,3,3,0,0,0,2,15,
G:\Google Drive\Digipen Institute of Technology\GAM 200\Repository\DCEngine\Core\Components\SpriteText.cpp,SpriteText::Serialize(Json::Value & root),1,1,1,0,0,0,0,0,
G:\Google Drive\Digipen Institute of Technology\GAM 200\Repository\DCEngine\Core\Components\SpriteText.cpp,SpriteText::Deserialize(Json::Value & root),1,1,1,0,0,0,0,0,
G:\Google Drive\Digipen Institute of Technology\GAM 200\Repository\DCEngine\Core\Components\TimeSpace.cpp,TimeSpace::Initialize(),5,1,1,0,3,0,1,3,
G:\Google Drive\Digipen Institute of Technology\GAM 200\Repository\DCEngine\Core\Components\TimeSpace.cpp,TimeSpace::Serialize(Json::Value & root),1,1,1,0,0,0,0,0,
G:\Google Drive\Digipen Institute of Technology\GAM 200\Repository\DCEngine\Core\Components\TimeSpace.cpp,TimeSpace::Deserialize(Json::Value & root),1,1,1,0,0,0,0,0,
G:\Google Drive\Digipen Institute of Technology\GAM 200\Repository\DCEngine\Core\Components\TimeSpace.cpp,TimeSpace::OnLogicUpdate(Events::LogicUpdate* updateEvent),4,1,1,0,1,0,2,14,
G:\Google Drive\Digipen Institute of Technology\GAM 200\Repository\DCEngine\Core\Components\Transform.cpp,Transform::Initialize(),3,3,2,1,0,0,0,0,
G:\Google Drive\Digipen Institute of Technology\GAM 200\Repository\DCEngine\Core\Components\Transform.cpp,Transform::Serialize(Json::Value & root),1,1,1,0,0,0,0,0,
G:\Google Drive\Digipen Institute of Technology\GAM 200\Repository\DCEngine\Core\Components\Transform.cpp,Transform::Deserialize(Json::Value & root),1,1,1,0,0,0,0,0,
G:\Google Drive\Digipen Institute of Technology\GAM 200\Repository\DCEngine\Core\Debug\Debug.cpp,Trace::Trace(std::string fileName),10,7,6,1,3,0,0,0,
G:\Google Drive\Digipen Institute of Technology\GAM 200\Repository\DCEngine\Core\Debug\Debug.cpp,Trace::~Trace(),3,3,3,0,0,0,0,0,
G:\Google Drive\Digipen Institute of Technology\GAM 200\Repository\DCEngine\Core\Engine\Engine.cpp,Engine::Engine(),5,3,3,0,1,0,1,10,
G:\Google Drive\Digipen Institute of Technology\GAM 200\Repository\DCEngine\Core\Engine\Engine.cpp,Engine::~Engine(),2,1,1,0,0,0,1,1,
G:\Google Drive\Digipen Institute of Technology\GAM 200\Repository\DCEngine\Core\Engine\Engine.cpp,Engine::Initialize(),35,21,20,1,8,1,6,37,
G:\Google Drive\Digipen Institute of Technology\GAM 200\Repository\DCEngine\Core\Engine\Engine.cpp,Engine::LoadProject(std::string & filename),43,6,6,0,13,0,24,190,
G:\Google Drive\Digipen Institute of Technology\GAM 200\Repository\DCEngine\Core\Engine\Engine.cpp,Engine::Update(float dt),30,18,14,4,5,0,7,70,
G:\Google Drive\Digipen Institute of Technology\GAM 200\Repository\DCEngine\Core\Engine\Engine.cpp,Engine::Terminate(),9,6,5,1,3,0,0,0,
G:\Google Drive\Digipen Institute of Technology\GAM 200\Repository\DCEngine\Core\Engine\Engine.cpp,Engine::Loop(),7,6,5,1,1,0,0,0,
G:\Google Drive\Digipen Institute of Technology\GAM 200\Repository\DCEngine\Core\Engine\Engine.h,"Engine::Connect(Entity* entity, MemberFunction fn, ComponentClass* comp)",15,10,8,1,2,0,3,26,
G:\Google Drive\Digipen Institute of Technology\GAM 200\Repository\DCEngine\Core\Engine\Engine.h,Engine::getSystem(EnumeratedSystem sysType),7,6,4,3,0,0,1,11,
G:\Google Drive\Digipen Institute of Technology\GAM 200\Repository\DCEngine\Core\Engine\Engine.h,Engine::getSystem(),7,6,4,3,0,0,1,11,
G:\Google Drive\Digipen Institute of Technology\GAM 200\Repository\DCEngine\Core\Objects\Component.cpp,"Component::Component(std::string& name, Entity& owner)",11,8,5,1,2,0,1,2,
G:\Google Drive\Digipen Institute of Technology\GAM 200\Repository\DCEngine\Core\Objects\Component.cpp,Component::Owner(),2,2,2,1,0,0,0,0,
G:\Google Drive\Digipen Institute of Technology\GAM 200\Repository\DCEngine\Core\Objects\Component.cpp,Component::SetReferences(),20,14,11,3,3,0,3,21,
G:\Google Drive\Digipen Institute of Technology\GAM 200\Repository\DCEngine\Core\Objects\Entity.cpp,Entity::Entity(std::string name),2,2,2,0,0,0,0,0,
G:\Google Drive\Digipen Institute of Technology\GAM 200\Repository\DCEngine\Core\Objects\Entity.cpp,Entity::CheckMask(mask m),2,2,2,1,0,0,0,0,
G:\Google Drive\Digipen Institute of Technology\GAM 200\Repository\DCEngine\Core\Objects\Entity.cpp,Entity::AddComponent(std::shared_ptr<Component> component),15,11,8,5,2,0,2,19,
G:\Google Drive\Digipen Institute of Technology\GAM 200\Repository\DCEngine\Core\Objects\Entity.cpp,Entity::Initialize(),4,4,3,1,0,0,0,0,
G:\Google Drive\Digipen Institute of Technology\GAM 200\Repository\DCEngine\Core\Objects\Entity.cpp,Entity::getComponentByName(std::string name),9,6,4,4,3,0,0,0,
G:\Google Drive\Digipen Institute of Technology\GAM 200\Repository\DCEngine\Core\Objects\Component.h,Component::getOwner(),8,8,5,5,0,0,0,0,
G:\Google Drive\Digipen Institute of Technology\GAM 200\Repository\DCEngine\Core\Objects\Entity.h,Entity::getComponent(),10,7,5,4,0,0,3,17,
G:\Google Drive\Digipen Institute of Technology\GAM 200\Repository\DCEngine\Core\Objects\Entity.h,Entity::Dispatch(Event * eventObj),28,19,11,7,4,0,5,30,
G:\Google Drive\Digipen Institute of Technology\GAM 200\Repository\DCEngine\Core\Objects\Entity.h,Entity::DispatchDown(Event * eventObj),26,21,12,8,1,0,4,29,
G:\Google Drive\Digipen Institute of Technology\GAM 200\Repository\DCEngine\Core\Objects\Entities\GameObject.cpp,"GameObject::GameObject(std::string name, Space& space, GameSession& gamesession)",10,8,4,1,2,0,0,0,
G:\Google Drive\Digipen Institute of Technology\GAM 200\Repository\DCEngine\Core\Objects\Entities\GameObject.cpp,GameObject::Serialize(Json::Value & root),3,2,2,0,0,0,1,2,
G:\Google Drive\Digipen Institute of Technology\GAM 200\Repository\DCEngine\Core\Objects\Entities\GameObject.cpp,GameObject::Deserialize(Json::Value & root),3,2,2,0,0,0,1,2,
G:\Google Drive\Digipen Institute of Technology\GAM 200\Repository\DCEngine\Core\Objects\Entities\GameObject.cpp,GameObject::GetSpace(),2,2,2,1,0,0,0,0,
G:\Google Drive\Digipen Institute of Technology\GAM 200\Repository\DCEngine\Core\Objects\Entities\GameObject.cpp,GameObject::GetGameSession(),2,2,2,1,0,0,0,0,
G:\Google Drive\Digipen Institute of Technology\GAM 200\Repository\DCEngine\Core\Objects\Entities\GameSession.cpp,GameSession::GameSession(std::string& name),4,4,3,1,0,0,0,0,
G:\Google Drive\Digipen Institute of Technology\GAM 200\Repository\DCEngine\Core\Objects\Entities\GameSession.cpp,GameSession::~GameSession(),1,1,1,0,0,0,0,0,
G:\Google Drive\Digipen Institute of Technology\GAM 200\Repository\DCEngine\Core\Objects\Entities\GameSession.cpp,GameSession::Initialize(),6,4,3,1,1,0,1,3,
G:\Google Drive\Digipen Institute of Technology\GAM 200\Repository\DCEngine\Core\Objects\Entities\GameSession.cpp,GameSession::Update(float dt),11,5,3,2,2,0,4,18,
G:\Google Drive\Digipen Institute of Technology\GAM 200\Repository\DCEngine\Core\Objects\Entities\GameSession.cpp,GameSession::Serialize(Json::Value & root),1,1,1,0,0,0,0,0,
G:\Google Drive\Digipen Institute of Technology\GAM 200\Repository\DCEngine\Core\Objects\Entities\GameSession.cpp,GameSession::Deserialize(Json::Value & root),1,1,1,0,0,0,0,0,
G:\Google Drive\Digipen Institute of Technology\GAM 200\Repository\DCEngine\Core\Objects\Entities\GameSession.cpp,GameSession::CreateSpace(std::string name),29,9,7,3,4,0,16,123,
G:\Google Drive\Digipen Institute of Technology\GAM 200\Repository\DCEngine\Core\Objects\Entities\GameSession.cpp,GameSession::GetSpace(std::string name),16,5,4,2,3,0,8,55,
G:\Google Drive\Digipen Institute of Technology\GAM 200\Repository\DCEngine\Core\Objects\Entities\GameSession.cpp,"GameSession::UpdateSpace(SpacePtr space, float dt)",2,2,2,0,0,0,0,0,
G:\Google Drive\Digipen Institute of Technology\GAM 200\Repository\DCEngine\Core\Objects\Entities\Keyboard.cpp,Keyboard::Initialize(),3,1,1,0,1,0,1,3,
G:\Google Drive\Digipen Institute of Technology\GAM 200\Repository\DCEngine\Core\Objects\Entities\Keyboard.cpp,Keyboard::Serialize(Json::Value & root),1,1,1,0,0,0,0,0,
G:\Google Drive\Digipen Institute of Technology\GAM 200\Repository\DCEngine\Core\Objects\Entities\Keyboard.cpp,Keyboard::Deserialize(Json::Value & root),1,1,1,0,0,0,0,0,
G:\Google Drive\Digipen Institute of Technology\GAM 200\Repository\DCEngine\Core\Objects\Entities\Mouse.cpp,Mouse::Initialize(),1,1,1,0,0,0,0,0,
G:\Google Drive\Digipen Institute of Technology\GAM 200\Repository\DCEngine\Core\Objects\Entities\Mouse.cpp,Mouse::Serialize(Json::Value & root),1,1,1,0,0,0,0,0,
G:\Google Drive\Digipen Institute of Technology\GAM 200\Repository\DCEngine\Core\Objects\Entities\Mouse.cpp,Mouse::Deserialize(Json::Value & root),1,1,1,0,0,0,0,0,
G:\Google Drive\Digipen Institute of Technology\GAM 200\Repository\DCEngine\Core\Objects\Entities\Space.cpp,"Space::Space(std::string& name, GameSession& gamesession)",4,4,3,1,0,0,0,0,
G:\Google Drive\Digipen Institute of Technology\GAM 200\Repository\DCEngine\Core\Objects\Entities\Space.cpp,Space::~Space(),2,2,2,0,0,0,0,0,
G:\Google Drive\Digipen Institute of Technology\GAM 200\Repository\DCEngine\Core\Objects\Entities\Space.cpp,Space::Initialize(),26,16,14,2,3,0,7,43,
G:\Google Drive\Digipen Institute of Technology\GAM 200\Repository\DCEngine\Core\Objects\Entities\Space.cpp,Space::Update(float dt),3,3,2,1,0,0,0,0,
G:\Google Drive\Digipen Institute of Technology\GAM 200\Repository\DCEngine\Core\Objects\Entities\Space.cpp,Space::Serialize(Json::Value & root),1,1,1,0,0,0,0,0,
G:\Google Drive\Digipen Institute of Technology\GAM 200\Repository\DCEngine\Core\Objects\Entities\Space.cpp,Space::Deserialize(Json::Value & root),1,1,1,0,0,0,0,0,
G:\Google Drive\Digipen Institute of Technology\GAM 200\Repository\DCEngine\Core\Objects\Entities\Space.cpp,Space::AddSystem(SystemPtr system),12,8,5,3,4,0,0,0,
G:\Google Drive\Digipen Institute of Technology\GAM 200\Repository\DCEngine\Core\Objects\Entities\Space.cpp,Space::getGameSession(),2,2,2,1,0,0,0,0,
G:\Google Drive\Digipen Institute of Technology\GAM 200\Repository\DCEngine\Core\Objects\Entities\Space.cpp,Space::LoadLevel(LevelPtr level),12,7,5,2,3,0,2,11,
G:\Google Drive\Digipen Institute of Technology\GAM 200\Repository\DCEngine\Core\Objects\Entities\Space.cpp,Space::CreateObject(),5,3,3,1,1,0,1,11,
G:\Google Drive\Digipen Institute of Technology\GAM 200\Repository\DCEngine\Core\Objects\Entities\Space.cpp,Space::FindObjectByName(const std::string & name),8,6,4,4,0,0,2,9,
G:\Google Drive\Digipen Institute of Technology\GAM 200\Repository\DCEngine\Core\Objects\Entities\Space.cpp,Space::AddObject(GameObjectPtr gameObject),5,4,3,1,1,0,0,0,
G:\Google Drive\Digipen Institute of Technology\GAM 200\Repository\DCEngine\Core\Objects\Entities\Space.cpp,Space::PopulateObjects(SystemPtr sys) const,16,9,6,3,4,0,3,18,
G:\Google Drive\Digipen Institute of Technology\GAM 200\Repository\DCEngine\Core\Objects\Entities\Space.cpp,Space::Clear(),3,3,3,0,0,0,0,0,
G:\Google Drive\Digipen Institute of Technology\GAM 200\Repository\DCEngine\Core\Objects\Entities\Space.h,Space::getSystem(EnumeratedSystem sysType),7,6,4,3,0,0,1,11,
G:\Google Drive\Digipen Institute of Technology\GAM 200\Repository\DCEngine\Core\Resources\Font.cpp,Font::Font(std::string fontFile),1,1,1,0,0,0,0,0,
G:\Google Drive\Digipen Institute of Technology\GAM 200\Repository\DCEngine\Core\Resources\Font.cpp,Font::Load(),27,14,12,2,6,0,7,60,
G:\Google Drive\Digipen Institute of Technology\GAM 200\Repository\DCEngine\Core\Resources\Font.cpp,Font::GenerateCharacters(FT_Face face),46,33,17,2,7,0,6,30,
G:\Google Drive\Digipen Institute of Technology\GAM 200\Repository\DCEngine\Core\Resources\Level.cpp,Level::~Level(),1,1,1,0,0,0,0,0,
G:\Google Drive\Digipen Institute of Technology\GAM 200\Repository\DCEngine\Core\Resources\Level.cpp,Level::AddGameObject(GameObjectPtr gameObject),2,2,2,0,0,0,0,0,
G:\Google Drive\Digipen Institute of Technology\GAM 200\Repository\DCEngine\Core\Resources\Mesh.cpp,"Mesh::Mesh(VertexVec vertices, IndicesVec indices, TextureVec textures)",1,1,1,0,0,0,0,0,
G:\Google Drive\Digipen Institute of Technology\GAM 200\Repository\DCEngine\Core\Resources\Mesh.cpp,Mesh::Build(),31,21,16,0,3,0,7,53,
G:\Google Drive\Digipen Institute of Technology\GAM 200\Repository\DCEngine\Core\Resources\Shader.cpp,"Shader::Shader(std::string& shaderName, std::string vertexPath, std::string fragmentPath)",9,4,3,1,2,0,3,7,
G:\Google Drive\Digipen Institute of Technology\GAM 200\Repository\DCEngine\Core\Resources\Shader.cpp,Shader::Load(),29,21,18,1,2,0,6,47,
G:\Google Drive\Digipen Institute of Technology\GAM 200\Repository\DCEngine\Core\Resources\Shader.cpp,Shader::Compile(),30,21,20,1,5,0,4,21,
G:\Google Drive\Digipen Institute of Technology\GAM 200\Repository\DCEngine\Core\Resources\Shader.cpp,Shader::Use(),6,5,4,2,1,0,0,0,
G:\Google Drive\Digipen Institute of Technology\GAM 200\Repository\DCEngine\Core\Resources\Shader.cpp,"Shader::AssertShaderCompilation(GLuint shader, std::string shaderName)",15,12,9,1,2,2,1,18,
G:\Google Drive\Digipen Institute of Technology\GAM 200\Repository\DCEngine\Core\Resources\Shader.cpp,Shader::AssertShaderProgramLinking(GLuint shaderProgram),17,12,9,1,3,2,2,21,
G:\Google Drive\Digipen Institute of Technology\GAM 200\Repository\DCEngine\Core\Resources\Shader.cpp,Shader::AddUniform(const std::string & uniformName),10,7,6,3,2,0,1,8,
G:\Google Drive\Digipen Institute of Technology\GAM 200\Repository\DCEngine\Core\Resources\Shader.cpp,"Shader::LoadShaderUniform(const GLint location, const GLint & data)",2,2,2,0,0,0,0,0,
G:\Google Drive\Digipen Institute of Technology\GAM 200\Repository\DCEngine\Core\Resources\Shader.cpp,"Shader::LoadShaderUniform(const GLint location, const GLuint & data)",2,2,2,0,0,0,0,0,
G:\Google Drive\Digipen Institute of Technology\GAM 200\Repository\DCEngine\Core\Resources\Shader.cpp,"Shader::LoadShaderUniform(const GLint location, const GLfloat & data)",2,2,2,0,0,0,0,0,
G:\Google Drive\Digipen Institute of Technology\GAM 200\Repository\DCEngine\Core\Resources\Shader.cpp,"Shader::LoadShaderUniform(const GLint location, const glm::vec2 & data)",3,2,2,0,0,0,1,8,
G:\Google Drive\Digipen Institute of Technology\GAM 200\Repository\DCEngine\Core\Resources\Shader.cpp,"Shader::LoadShaderUniform(const GLint location, const glm::vec3 & data)",2,2,2,0,0,0,0,0,
G:\Google Drive\Digipen Institute of Technology\GAM 200\Repository\DCEngine\Core\Resources\Shader.cpp,"Shader::LoadShaderUniform(const GLint location, const glm::vec4 & data)",2,2,2,0,0,0,0,0,
G:\Google Drive\Digipen Institute of Technology\GAM 200\Repository\DCEngine\Core\Resources\Shader.cpp,"Shader::LoadShaderUniform(const GLint location, const glm::mat3x3 & data)",2,2,2,0,0,0,0,0,
G:\Google Drive\Digipen Institute of Technology\GAM 200\Repository\DCEngine\Core\Resources\Shader.cpp,"Shader::LoadShaderUniform(const GLint location, const glm::mat4x4 & data)",2,2,2,0,0,0,0,0,
G:\Google Drive\Digipen Institute of Technology\GAM 200\Repository\DCEngine\Core\Resources\Shader.cpp,"Shader::SetFloat(const GLchar * name, GLfloat value, GLboolean useShader)",4,4,3,1,0,0,0,0,
G:\Google Drive\Digipen Institute of Technology\GAM 200\Repository\DCEngine\Core\Resources\Shader.cpp,"Shader::SetInteger(const GLchar *name, GLint value, GLboolean useShader)",4,4,3,1,0,0,0,0,
G:\Google Drive\Digipen Institute of Technology\GAM 200\Repository\DCEngine\Core\Resources\Shader.cpp,"Shader::SetVector2f(const GLchar *name, GLfloat x, GLfloat y, GLboolean useShader)",4,4,3,1,0,0,0,0,
G:\Google Drive\Digipen Institute of Technology\GAM 200\Repository\DCEngine\Core\Resources\Shader.cpp,"Shader::SetVector2f(const GLchar *name, const glm::vec2 &value, GLboolean useShader)",4,4,3,1,0,0,0,0,
G:\Google Drive\Digipen Institute of Technology\GAM 200\Repository\DCEngine\Core\Resources\Shader.cpp,"Shader::SetVector3f(const GLchar *name, GLfloat x, GLfloat y, GLfloat z, GLboolean useShader)",4,4,3,1,0,0,0,0,
G:\Google Drive\Digipen Institute of Technology\GAM 200\Repository\DCEngine\Core\Resources\Shader.cpp,"Shader::SetVector3f(const GLchar *name, const glm::vec3 &value, GLboolean useShader)",4,4,3,1,0,0,0,0,
G:\Google Drive\Digipen Institute of Technology\GAM 200\Repository\DCEngine\Core\Resources\Shader.cpp,"Shader::SetVector4f(const GLchar *name, GLfloat x, GLfloat y, GLfloat z, GLfloat w, GLboolean useShader)",4,4,3,1,0,0,0,0,
G:\Google Drive\Digipen Institute of Technology\GAM 200\Repository\DCEngine\Core\Resources\Shader.cpp,"Shader::SetVector4f(const GLchar *name, const glm::vec4 &value, GLboolean useShader)",4,4,3,1,0,0,0,0,
G:\Google Drive\Digipen Institute of Technology\GAM 200\Repository\DCEngine\Core\Resources\Shader.cpp,"Shader::SetMatrix4(const GLchar *name, const glm::mat4 &matrix, GLboolean useShader)",4,4,3,1,0,0,0,0,
G:\Google Drive\Digipen Institute of Technology\GAM 200\Repository\DCEngine\Core\Resources\Texture2D.cpp,Texture2D::Texture2D(std::string& imageFile),2,2,2,0,0,0,0,0,
G:\Google Drive\Digipen Institute of Technology\GAM 200\Repository\DCEngine\Core\Resources\Texture2D.cpp,"Texture2D::Generate(GLuint width, GLuint height, unsigned char * data)",17,12,11,0,1,0,4,13,
G:\Google Drive\Digipen Institute of Technology\GAM 200\Repository\DCEngine\Core\Resources\Texture2D.cpp,Texture2D::Bind() const,2,2,2,0,0,0,0,0,
G:\Google Drive\Digipen Institute of Technology\GAM 200\Repository\DCEngine\Core\Resources\Shader.h,"Shader::UpdateUniforms(const std::string & uniformName, const T& data)",2,2,2,0,0,0,0,0,
G:\Google Drive\Digipen Institute of Technology\GAM 200\Repository\DCEngine\Core\Systems\System.cpp,DCEngine::System::ClearEntities(),2,2,2,0,0,0,0,0,
G:\Google Drive\Digipen Institute of Technology\GAM 200\Repository\DCEngine\Core\Systems\Audio\Audio.cpp,Audio::Audio(),6,6,3,0,0,0,0,0,
G:\Google Drive\Digipen Institute of Technology\GAM 200\Repository\DCEngine\Core\Systems\Audio\Audio.cpp,Audio::PlaySound(SoundCue & soundcue),3,1,1,0,2,0,0,0,
G:\Google Drive\Digipen Institute of Technology\GAM 200\Repository\DCEngine\Core\Systems\Audio\Audio.cpp,Audio::StopSound(SoundCue & soundcue),1,1,1,0,0,0,0,0,
G:\Google Drive\Digipen Institute of Technology\GAM 200\Repository\DCEngine\Core\Systems\Audio\Audio.cpp,Audio::Initialize(),4,4,3,1,0,0,0,0,
G:\Google Drive\Digipen Institute of Technology\GAM 200\Repository\DCEngine\Core\Systems\Audio\Audio.cpp,Audio::Update(float dt),4,4,3,1,0,0,0,0,
G:\Google Drive\Digipen Institute of Technology\GAM 200\Repository\DCEngine\Core\Systems\Audio\Audio.cpp,Audio::Terminate(),4,4,3,1,0,0,0,0,
G:\Google Drive\Digipen Institute of Technology\GAM 200\Repository\DCEngine\Core\Systems\Audio\Audio.cpp,Audio::PlaySound(std::string & fileName),2,1,1,0,1,0,0,0,
G:\Google Drive\Digipen Institute of Technology\GAM 200\Repository\DCEngine\Core\Systems\Audio\Audio.cpp,Audio::PlayMusic(std::string & filePath),4,4,3,1,0,0,0,0,
G:\Google Drive\Digipen Institute of Technology\GAM 200\Repository\DCEngine\Core\Systems\Audio\Audio.cpp,Audio::StopMusic(),2,2,2,0,0,0,0,0,
G:\Google Drive\Digipen Institute of Technology\GAM 200\Repository\DCEngine\Core\Systems\Audio\AudioFMOD.cpp,AudioFMOD::AudioFMOD(),1,1,1,0,0,0,0,0,
G:\Google Drive\Digipen Institute of Technology\GAM 200\Repository\DCEngine\Core\Systems\Audio\AudioFMOD.cpp,AudioFMOD::~AudioFMOD(),2,2,2,0,0,0,0,0,
G:\Google Drive\Digipen Institute of Technology\GAM 200\Repository\DCEngine\Core\Systems\Audio\AudioFMOD.cpp,AudioFMOD::Initialize(),31,17,14,2,2,0,12,61,
G:\Google Drive\Digipen Institute of Technology\GAM 200\Repository\DCEngine\Core\Systems\Audio\AudioFMOD.cpp,AudioFMOD::Update(float dt),2,2,2,0,0,0,0,0,
G:\Google Drive\Digipen Institute of Technology\GAM 200\Repository\DCEngine\Core\Systems\Audio\AudioFMOD.cpp,AudioFMOD::Terminate(),3,1,1,0,0,0,2,3,
G:\Google Drive\Digipen Institute of Technology\GAM 200\Repository\DCEngine\Core\Systems\Audio\AudioFMOD.cpp,AudioFMOD::ErrorCheck(FMOD_RESULT result),5,5,3,1,0,0,0,0,
G:\Google Drive\Digipen Institute of Technology\GAM 200\Repository\DCEngine\Core\Systems\Audio\AudioFMOD.cpp,"AudioFMOD::CreateSound(FMOD::Sound** soundPtr, std::string& filePtr)",5,5,5,0,0,0,0,0,
G:\Google Drive\Digipen Institute of Technology\GAM 200\Repository\DCEngine\Core\Systems\Audio\AudioFMOD.cpp,"AudioFMOD::CreateStream(FMOD::Sound ** streamPtr, std::string & filePtr)",5,5,5,0,0,0,0,0,
G:\Google Drive\Digipen Institute of Technology\GAM 200\Repository\DCEngine\Core\Systems\Audio\AudioFMOD.cpp,"AudioFMOD::PlaySound(FMOD::Sound* soundPtr, bool loop)",13,12,10,1,1,0,0,0,
G:\Google Drive\Digipen Institute of Technology\GAM 200\Repository\DCEngine\Core\Systems\Audio\AudioFMOD.cpp,AudioFMOD::PlayMusic(std::string & filePath),4,4,4,0,0,0,0,0,
G:\Google Drive\Digipen Institute of Technology\GAM 200\Repository\DCEngine\Core\Systems\Audio\AudioFMOD.cpp,AudioFMOD::StopMusic(),2,2,2,0,0,0,0,0,
G:\Google Drive\Digipen Institute of Technology\GAM 200\Repository\DCEngine\Core\Systems\Audio\AudioFMOD.cpp,AudioFMOD::ReleaseSound(FMOD::Sound* soundPtr),4,4,4,0,0,0,0,0,
G:\Google Drive\Digipen Institute of Technology\GAM 200\Repository\DCEngine\Core\Systems\Content\Content.cpp,Content::Content(),1,1,1,0,0,0,0,0,
G:\Google Drive\Digipen Institute of Technology\GAM 200\Repository\DCEngine\Core\Systems\Content\Content.cpp,Content::Initialize(),6,4,3,1,1,0,1,7,
G:\Google Drive\Digipen Institute of Technology\GAM 200\Repository\DCEngine\Core\Systems\Content\Content.cpp,Content::LoadDefaultResources(),19,8,6,0,5,0,6,21,
G:\Google Drive\Digipen Institute of Technology\GAM 200\Repository\DCEngine\Core\Systems\Content\Content.cpp,Content::getShader(std::string & shaderName),2,2,2,1,0,0,0,0,
G:\Google Drive\Digipen Institute of Technology\GAM 200\Repository\DCEngine\Core\Systems\Content\Content.cpp,Content::getFont(std::string & fontName),2,2,2,1,0,0,0,0,
G:\Google Drive\Digipen Institute of Technology\GAM 200\Repository\DCEngine\Core\Systems\Content\Content.cpp,Content::Update(float dt),2,1,1,0,0,0,1,13,
G:\Google Drive\Digipen Institute of Technology\GAM 200\Repository\DCEngine\Core\Systems\Content\Content.cpp,Content::Terminate(),2,2,2,0,0,0,0,0,
G:\Google Drive\Digipen Institute of Technology\GAM 200\Repository\DCEngine\Core\Systems\Content\Content.cpp,"Content::AddFont(std::string & fontName, FontPtr fontPtr)",4,4,4,0,0,0,0,0,
G:\Google Drive\Digipen Institute of Technology\GAM 200\Repository\DCEngine\Core\Systems\Content\Content.cpp,"Content::AddShader(std::string & shaderName, ShaderPtr shaderPtr)",3,3,3,0,0,0,0,0,
G:\Google Drive\Digipen Institute of Technology\GAM 200\Repository\DCEngine\Core\Systems\Factory\Factory.cpp,Factory::Factory(),1,1,1,0,0,0,0,0,
G:\Google Drive\Digipen Institute of Technology\GAM 200\Repository\DCEngine\Core\Systems\Factory\Factory.cpp,Factory::Initialize(),3,3,2,1,0,0,0,0,
G:\Google Drive\Digipen Institute of Technology\GAM 200\Repository\DCEngine\Core\Systems\Factory\Factory.cpp,Factory::Update(float dt),6,3,2,1,2,0,1,7,
G:\Google Drive\Digipen Institute of Technology\GAM 200\Repository\DCEngine\Core\Systems\Factory\Factory.cpp,Factory::Terminate(),2,2,2,0,0,0,0,0,
G:\Google Drive\Digipen Institute of Technology\GAM 200\Repository\DCEngine\Core\Systems\Factory\Factory.cpp,"Factory::CreateGameObject(std::string& name, Space& space, bool init)",10,7,7,1,0,0,3,17,
G:\Google Drive\Digipen Institute of Technology\GAM 200\Repository\DCEngine\Core\Systems\Factory\Factory.cpp,"Factory::CreateGameObject(const std::string & fileName, const Space& space, bool init)",5,5,4,2,0,0,0,0,
G:\Google Drive\Digipen Institute of Technology\GAM 200\Repository\DCEngine\Core\Systems\Factory\Factory.cpp,"Factory::CreateComponent(const std::string & compName, bool init)",2,2,2,1,0,0,0,0,
G:\Google Drive\Digipen Institute of Technology\GAM 200\Repository\DCEngine\Core\Systems\Factory\Factory.cpp,Factory::DestroyGameObject(GameObject& gameObj),2,2,2,0,0,0,0,0,
G:\Google Drive\Digipen Institute of Technology\GAM 200\Repository\DCEngine\Core\Systems\Factory\Factory.cpp,Factory::DestroyAllObjects(),2,1,1,0,1,0,0,0,
G:\Google Drive\Digipen Institute of Technology\GAM 200\Repository\DCEngine\Core\Systems\Factory\Factory.cpp,Factory::BuildAndSerialize(const std::string & fileName),6,3,3,1,1,0,2,9,
G:\Google Drive\Digipen Institute of Technology\GAM 200\Repository\DCEngine\Core\Systems\Factory\SerializerJSONCPP.cpp,"SerializerJSONCPP::Serialize(Entity * entityObj, std::string & output)",14,8,7,3,1,0,5,44,
G:\Google Drive\Digipen Institute of Technology\GAM 200\Repository\DCEngine\Core\Systems\Factory\SerializerJSONCPP.cpp,"SerializerJSONCPP::Deserialize(Entity * entityObj, std::string & input)",16,9,7,5,2,0,5,44,
G:\Google Drive\Digipen Institute of Technology\GAM 200\Repository\DCEngine\Core\Systems\Factory\SerializerJSONCPP.cpp,"SerializerJSONCPP::Serialize(Component * componentObj, std::string & output)",14,8,7,3,1,0,5,44,
G:\Google Drive\Digipen Institute of Technology\GAM 200\Repository\DCEngine\Core\Systems\Factory\SerializerJSONCPP.cpp,"SerializerJSONCPP::Deserialize(Component * componentObj, std::string & input)",16,9,7,5,2,0,5,44,
G:\Google Drive\Digipen Institute of Technology\GAM 200\Repository\DCEngine\Core\Systems\Factory\Factory.h,"Factory::CreateComponent(Entity& owner, bool init)",4,4,4,1,0,0,0,0,
G:\Google Drive\Digipen Institute of Technology\GAM 200\Repository\DCEngine\Core\Systems\Gamestate\Gamestate.cpp,"Gamestate::Gamestate(std::string name, EnumeratedGamestate gamestate)",4,2,2,0,0,0,2,12,
G:\Google Drive\Digipen Institute of Technology\GAM 200\Repository\DCEngine\Core\Systems\Gamestate\Gamestate.cpp,Gamestate::CheckSpaceActive(std::string space),5,5,3,4,0,0,0,0,
G:\Google Drive\Digipen Institute of Technology\GAM 200\Repository\DCEngine\Core\Systems\Gamestate\Gamestate.cpp,Gamestate::SetLogicalSpace(std::string name),4,4,3,0,0,0,0,0,
G:\Google Drive\Digipen Institute of Technology\GAM 200\Repository\DCEngine\Core\Systems\Graphics\Graphics.cpp,Graphics::Graphics(),6,6,6,0,0,0,0,0,
G:\Google Drive\Digipen Institute of Technology\GAM 200\Repository\DCEngine\Core\Systems\Graphics\Graphics.cpp,Graphics::Initialize(),5,4,3,1,0,0,1,6,
G:\Google Drive\Digipen Institute of Technology\GAM 200\Repository\DCEngine\Core\Systems\Graphics\Graphics.cpp,Graphics::Update(float dt),31,11,8,3,9,0,11,56,
G:\Google Drive\Digipen Institute of Technology\GAM 200\Repository\DCEngine\Core\Systems\Graphics\Graphics.cpp,Graphics::Register(GraphicsSpace& graphicsSpace),4,4,3,0,0,0,0,0,
G:\Google Drive\Digipen Institute of Technology\GAM 200\Repository\DCEngine\Core\Systems\Graphics\Graphics.cpp,"Graphics::DrawSprite(GameObject & gameObj, Camera& cam)",4,4,3,1,0,0,0,0,
G:\Google Drive\Digipen Institute of Technology\GAM 200\Repository\DCEngine\Core\Systems\Graphics\Graphics.cpp,"Graphics::DrawSpriteText(SpriteText & st, Camera & cam)",4,4,3,1,0,0,0,0,
G:\Google Drive\Digipen Institute of Technology\GAM 200\Repository\DCEngine\Core\Systems\Graphics\Graphics.cpp,Graphics::DrawDebug(DebugDrawObject & debugDraw),1,1,1,0,0,0,0,0,
G:\Google Drive\Digipen Institute of Technology\GAM 200\Repository\DCEngine\Core\Systems\Graphics\Graphics.cpp,"Graphics::DrawCircle(Real3& pos, Real& radius, Real4& color, Camera& cam)",2,2,2,0,0,0,0,0,
G:\Google Drive\Digipen Institute of Technology\GAM 200\Repository\DCEngine\Core\Systems\Graphics\Graphics.cpp,"Graphics::DrawRectangle(Real3& pos, Real& width, Real& height, Real4& color, Camera& cam)",2,2,2,0,0,0,0,0,
G:\Google Drive\Digipen Institute of Technology\GAM 200\Repository\DCEngine\Core\Systems\Graphics\Graphics.cpp,"Graphics::DrawLineSegment(Real3& startPos, Real3& endPos, Real& length, Real4& color, Camera& cam)",2,2,2,0,0,0,0,0,
G:\Google Drive\Digipen Institute of Technology\GAM 200\Repository\DCEngine\Core\Systems\Graphics\Graphics.cpp,Graphics::Terminate(),3,3,3,0,0,0,0,0,
G:\Google Drive\Digipen Institute of Technology\GAM 200\Repository\DCEngine\Core\Systems\Graphics\Graphics.cpp,Graphics::StartFrame(),2,2,2,0,0,0,0,0,
G:\Google Drive\Digipen Institute of Technology\GAM 200\Repository\DCEngine\Core\Systems\Graphics\Graphics.cpp,Graphics::EndFrame(),2,2,2,0,0,0,0,0,
G:\Google Drive\Digipen Institute of Technology\GAM 200\Repository\DCEngine\Core\Systems\Graphics\GraphicsGL.cpp,GraphicsGL::BufferCleaner(),3,3,3,0,0,0,0,0,
G:\Google Drive\Digipen Institute of Technology\GAM 200\Repository\DCEngine\Core\Systems\Graphics\GraphicsGL.cpp,GraphicsGL::GraphicsGL(),2,1,1,0,1,0,0,0,
G:\Google Drive\Digipen Institute of Technology\GAM 200\Repository\DCEngine\Core\Systems\Graphics\GraphicsGL.cpp,GraphicsGL::Initialize(),26,13,12,1,5,0,8,52,
G:\Google Drive\Digipen Institute of Technology\GAM 200\Repository\DCEngine\Core\Systems\Graphics\GraphicsGL.cpp,GraphicsGL::Update(float dt),4,2,2,0,1,0,1,9,
G:\Google Drive\Digipen Institute of Technology\GAM 200\Repository\DCEngine\Core\Systems\Graphics\GraphicsGL.cpp,GraphicsGL::StartFrame(),5,4,4,0,0,0,1,4,
G:\Google Drive\Digipen Institute of Technology\GAM 200\Repository\DCEngine\Core\Systems\Graphics\GraphicsGL.cpp,GraphicsGL::EndFrame(),1,1,1,0,0,0,0,0,
G:\Google Drive\Digipen Institute of Technology\GAM 200\Repository\DCEngine\Core\Systems\Graphics\GraphicsGL.cpp,GraphicsGL::ConfigureLineVAO(),1,1,1,0,0,0,0,0,
G:\Google Drive\Digipen Institute of Technology\GAM 200\Repository\DCEngine\Core\Systems\Graphics\GraphicsGL.cpp,GraphicsGL::ConfigureCircleVAO(),1,1,1,0,0,0,0,0,
G:\Google Drive\Digipen Institute of Technology\GAM 200\Repository\DCEngine\Core\Systems\Graphics\GraphicsGL.cpp,GraphicsGL::ConfigureRectangleVAO(),1,1,1,0,0,0,0,0,
G:\Google Drive\Digipen Institute of Technology\GAM 200\Repository\DCEngine\Core\Systems\Graphics\GraphicsGL.cpp,GraphicsGL::SetDebugDrawShaderProjViewUniform(Camera & camera),2,1,1,0,1,0,0,0,
G:\Google Drive\Digipen Institute of Technology\GAM 200\Repository\DCEngine\Core\Systems\Graphics\GraphicsGL.cpp,"GraphicsGL::DrawDebug(DebugDrawObject & debugDrawObj, Camera& cam)",6,1,1,0,1,0,4,12,
G:\Google Drive\Digipen Institute of Technology\GAM 200\Repository\DCEngine\Core\Systems\Graphics\GraphicsGL.cpp,GraphicsGL::DrawCircle(DrawCircleObj & obj),1,1,1,0,0,0,0,0,
G:\Google Drive\Digipen Institute of Technology\GAM 200\Repository\DCEngine\Core\Systems\Graphics\GraphicsGL.cpp,GraphicsGL::DrawRectangle(DrawRectObj & obj),1,1,1,0,0,0,0,0,
G:\Google Drive\Digipen Institute of Technology\GAM 200\Repository\DCEngine\Core\Systems\Graphics\GraphicsGL.cpp,GraphicsGL::DrawLineSegment(DrawLineObj & obj),1,1,1,0,0,0,0,0,
G:\Google Drive\Digipen Institute of Technology\GAM 200\Repository\DCEngine\Core\Systems\Graphics\GraphicsGL.cpp,"GraphicsGL::DrawRectangle(Real3& pos, Real& width, Real& height, Real4& color, Camera& cam)",18,14,14,0,3,0,1,6,
G:\Google Drive\Digipen Institute of Technology\GAM 200\Repository\DCEngine\Core\Systems\Graphics\GraphicsGL.cpp,"GraphicsGL::DrawCircle(Real3& pos, Real& radius, Real4& color, Camera& cam)",19,13,11,1,2,0,4,41,
G:\Google Drive\Digipen Institute of Technology\GAM 200\Repository\DCEngine\Core\Systems\Graphics\GraphicsGL.cpp,"GraphicsGL::DrawLineSegment(Real3& startPos, Real3& endPos, Real& length, Real4& color, Camera& cam)",11,9,9,0,2,0,0,0,
G:\Google Drive\Digipen Institute of Technology\GAM 200\Repository\DCEngine\Core\Systems\Graphics\GraphicsGL.cpp,GraphicsGL::ConfigureSpriteVAO(),36,19,13,0,4,0,13,86,
G:\Google Drive\Digipen Institute of Technology\GAM 200\Repository\DCEngine\Core\Systems\Graphics\GraphicsGL.cpp,GraphicsGL::ConfigureSpriteTextVAO(),10,10,10,0,0,0,0,0,
G:\Google Drive\Digipen Institute of Technology\GAM 200\Repository\DCEngine\Core\Systems\Graphics\GraphicsGL.cpp,"GraphicsGL::SetShaderProjViewUniforms(ShaderPtr shader, Camera& camera)",10,4,4,0,2,0,4,17,
G:\Google Drive\Digipen Institute of Technology\GAM 200\Repository\DCEngine\Core\Systems\Graphics\GraphicsGL.cpp,GraphicsGL::SetSpriteShader(Camera& camera),2,2,2,0,0,0,0,0,
G:\Google Drive\Digipen Institute of Technology\GAM 200\Repository\DCEngine\Core\Systems\Graphics\GraphicsGL.cpp,GraphicsGL::SetSpriteTextShader(Camera& camera),2,2,2,0,0,0,0,0,
G:\Google Drive\Digipen Institute of Technology\GAM 200\Repository\DCEngine\Core\Systems\Graphics\GraphicsGL.cpp,"GraphicsGL::DrawSprite(GameObject& gameObj, Camera& camera)",43,24,20,0,8,1,11,76,
G:\Google Drive\Digipen Institute of Technology\GAM 200\Repository\DCEngine\Core\Systems\Graphics\GraphicsGL.cpp,"GraphicsGL::DrawSpriteText(SpriteText & st, Camera & camera)",54,32,31,1,8,0,14,83,
G:\Google Drive\Digipen Institute of Technology\GAM 200\Repository\DCEngine\Core\Systems\Graphics\GraphicsGL.cpp,GraphicsGL::Terminate(),2,1,1,0,1,0,0,0,
G:\Google Drive\Digipen Institute of Technology\GAM 200\Repository\DCEngine\Core\Systems\Input\Input.cpp,Input::Input(),7,6,3,0,1,0,0,0,
G:\Google Drive\Digipen Institute of Technology\GAM 200\Repository\DCEngine\Core\Systems\Input\Input.cpp,Input::Initialize(),4,4,3,1,0,0,0,0,
G:\Google Drive\Digipen Institute of Technology\GAM 200\Repository\DCEngine\Core\Systems\Input\Input.cpp,Input::Update(float dt),4,4,3,1,0,0,0,0,
G:\Google Drive\Digipen Institute of Technology\GAM 200\Repository\DCEngine\Core\Systems\Input\Input.cpp,Input::Terminate(),4,4,3,1,0,0,0,0,
G:\Google Drive\Digipen Institute of Technology\GAM 200\Repository\DCEngine\Core\Systems\Input\InputGLFW.cpp,InputGLFW::InputGLFW(),1,1,1,0,0,0,0,0,
G:\Google Drive\Digipen Institute of Technology\GAM 200\Repository\DCEngine\Core\Systems\Input\InputGLFW.cpp,InputGLFW::Initialize(),7,5,3,0,1,0,1,2,
G:\Google Drive\Digipen Institute of Technology\GAM 200\Repository\DCEngine\Core\Systems\Input\InputGLFW.cpp,InputGLFW::Update(float dt),1,1,1,0,0,0,0,0,
G:\Google Drive\Digipen Institute of Technology\GAM 200\Repository\DCEngine\Core\Systems\Input\InputGLFW.cpp,InputGLFW::Terminate(),1,1,1,0,0,0,0,0,
G:\Google Drive\Digipen Institute of Technology\GAM 200\Repository\DCEngine\Core\Systems\Input\InputSFML.cpp,InputSFML::InputSFML(),1,1,1,0,0,0,0,0,
G:\Google Drive\Digipen Institute of Technology\GAM 200\Repository\DCEngine\Core\Systems\Input\InputSFML.cpp,InputSFML::~InputSFML(),1,1,1,0,0,0,0,0,
G:\Google Drive\Digipen Institute of Technology\GAM 200\Repository\DCEngine\Core\Systems\Input\InputSFML.cpp,InputSFML::Initialize(),10,5,3,0,4,0,1,4,
G:\Google Drive\Digipen Institute of Technology\GAM 200\Repository\DCEngine\Core\Systems\Input\InputSFML.cpp,InputSFML::Update(float dt),2,2,2,0,0,0,0,0,
G:\Google Drive\Digipen Institute of Technology\GAM 200\Repository\DCEngine\Core\Systems\Input\InputSFML.cpp,InputSFML::PollEvents(),22,16,10,6,4,0,2,15,
G:\Google Drive\Digipen Institute of Technology\GAM 200\Repository\DCEngine\Core\Systems\Input\InputSFML.cpp,InputSFML::PollKeyPressed(sf::Event& event),101,89,60,29,9,0,3,14,
G:\Google Drive\Digipen Institute of Technology\GAM 200\Repository\DCEngine\Core\Systems\Input\InputSFML.cpp,InputSFML::PollKeyReleased(sf::Event & event),26,20,14,6,4,0,2,12,
G:\Google Drive\Digipen Institute of Technology\GAM 200\Repository\DCEngine\Core\Systems\Input\InputSFML.cpp,InputSFML::PollMouseButtonPressed(sf::Event & event),8,3,3,0,2,0,3,17,
G:\Google Drive\Digipen Institute of Technology\GAM 200\Repository\DCEngine\Core\Systems\Input\InputSFML.cpp,InputSFML::Terminate(),1,1,1,0,0,0,0,0,
G:\Google Drive\Digipen Institute of Technology\GAM 200\Repository\DCEngine\Core\Systems\Physics\Physics.cpp,Physics::Physics(),1,1,1,0,0,0,0,0,
G:\Google Drive\Digipen Institute of Technology\GAM 200\Repository\DCEngine\Core\Systems\Physics\Physics.cpp,Physics::Initialize(),2,1,1,0,1,0,0,0,
G:\Google Drive\Digipen Institute of Technology\GAM 200\Repository\DCEngine\Core\Systems\Physics\Physics.cpp,Physics::RegisterSpace(PhysicsSpace & physicsSpace),4,4,3,0,0,0,0,0,
G:\Google Drive\Digipen Institute of Technology\GAM 200\Repository\DCEngine\Core\Systems\Physics\Physics.cpp,Physics::Update(float dt),2,2,2,0,0,0,0,0,
G:\Google Drive\Digipen Institute of Technology\GAM 200\Repository\DCEngine\Core\Systems\Physics\Physics.cpp,Physics::Step(float dt),21,8,6,1,9,0,4,12,
G:\Google Drive\Digipen Institute of Technology\GAM 200\Repository\DCEngine\Core\Systems\Physics\Physics.cpp,"Physics::Integrate(float dt, PhysicsSpace* physpace)",7,6,4,1,1,0,0,0,
G:\Google Drive\Digipen Institute of Technology\GAM 200\Repository\DCEngine\Core\Systems\Physics\Physics.cpp,Physics::PublishResults(PhysicsSpace* physpace),7,6,4,1,1,0,0,0,
G:\Google Drive\Digipen Institute of Technology\GAM 200\Repository\DCEngine\Core\Systems\Physics\Physics.cpp,Physics::BroadPhaseDetection(PhysicsSpace* physpace),16,12,8,3,3,0,1,7,
G:\Google Drive\Digipen Institute of Technology\GAM 200\Repository\DCEngine\Core\Systems\Physics\Physics.cpp,Physics::NarrowPhaseDetection(GameObjectRawVec pairs),34,21,16,3,6,0,7,48,
G:\Google Drive\Digipen Institute of Technology\GAM 200\Repository\DCEngine\Core\Systems\Physics\Physics.cpp,"Physics::BoxtoBox(GameObject * obj1, GameObject * obj2)",45,32,24,9,10,0,3,12,
G:\Google Drive\Digipen Institute of Technology\GAM 200\Repository\DCEngine\Core\Systems\Physics\Physics.cpp,"Physics::CircletoBox(GameObject * obj1, GameObject * obj2)",2,2,2,1,0,0,0,0,
G:\Google Drive\Digipen Institute of Technology\GAM 200\Repository\DCEngine\Core\Systems\Physics\Physics.cpp,"Physics::CircletoCircle(GameObject * obj1, GameObject * obj2)",2,2,2,1,0,0,0,0,
G:\Google Drive\Digipen Institute of Technology\GAM 200\Repository\DCEngine\Core\Systems\Physics\Physics.cpp,Physics::Resolve(Manifold data),1,1,1,0,0,0,0,0,
G:\Google Drive\Digipen Institute of Technology\GAM 200\Repository\DCEngine\Core\Systems\Physics\Physics.cpp,Physics::DispatchCollisionStarted(CollisionData & collisionData),10,8,8,0,0,0,2,14,
G:\Google Drive\Digipen Institute of Technology\GAM 200\Repository\DCEngine\Core\Systems\Physics\Physics.cpp,Physics::DispatchCollisionEnded(CollisionData & collisionData),10,8,8,0,0,0,2,14,
G:\Google Drive\Digipen Institute of Technology\GAM 200\Repository\DCEngine\Core\Systems\Physics\Physics.cpp,Physics::Terminate(),1,1,1,0,0,0,0,0,
G:\Google Drive\Digipen Institute of Technology\GAM 200\Repository\DCEngine\Core\Systems\Window\Window.cpp,Window::Window(),8,8,5,0,0,0,0,0,
G:\Google Drive\Digipen Institute of Technology\GAM 200\Repository\DCEngine\Core\Systems\Window\Window.cpp,Window::Initialize(),10,6,5,1,1,0,3,19,
G:\Google Drive\Digipen Institute of Technology\GAM 200\Repository\DCEngine\Core\Systems\Window\Window.cpp,Window::Update(float dt),5,4,3,1,1,0,0,0,
G:\Google Drive\Digipen Institute of Technology\GAM 200\Repository\DCEngine\Core\Systems\Window\Window.cpp,Window::Terminate(),5,4,3,1,1,0,0,0,
G:\Google Drive\Digipen Institute of Technology\GAM 200\Repository\DCEngine\Core\Systems\Window\Window.cpp,Window::StartFrame(),5,4,3,1,1,0,0,0,
G:\Google Drive\Digipen Institute of Technology\GAM 200\Repository\DCEngine\Core\Systems\Window\Window.cpp,Window::EndFrame(),5,4,3,1,1,0,0,0,
G:\Google Drive\Digipen Institute of Technology\GAM 200\Repository\DCEngine\Core\Systems\Window\WindowGLFW.cpp,WindowGLFW::WindowGLFW(),1,1,1,0,0,0,0,0,
G:\Google Drive\Digipen Institute of Technology\GAM 200\Repository\DCEngine\Core\Systems\Window\WindowGLFW.cpp,WindowGLFW::Initialize(),40,17,14,2,7,0,16,148,
G:\Google Drive\Digipen Institute of Technology\GAM 200\Repository\DCEngine\Core\Systems\Window\WindowGLFW.cpp,WindowGLFW::Update(float dt),4,3,3,0,0,0,1,4,
G:\Google Drive\Digipen Institute of Technology\GAM 200\Repository\DCEngine\Core\Systems\Window\WindowGLFW.cpp,WindowGLFW::Terminate(),2,2,2,0,0,0,0,0,
G:\Google Drive\Digipen Institute of Technology\GAM 200\Repository\DCEngine\Core\Systems\Window\WindowGLFW.cpp,WindowGLFW::StartFrame(),7,4,4,0,1,2,2,16,
G:\Google Drive\Digipen Institute of Technology\GAM 200\Repository\DCEngine\Core\Systems\Window\WindowGLFW.cpp,WindowGLFW::EndFrame(),6,2,2,0,0,0,4,40,
G:\Google Drive\Digipen Institute of Technology\GAM 200\Repository\DCEngine\Core\Systems\Window\WindowGLFW.cpp,"WindowGLFW::SetWindowSize(int width, int height)",3,3,3,0,0,0,0,0,
G:\Google Drive\Digipen Institute of Technology\GAM 200\Repository\DCEngine\Core\Systems\Window\WindowGLFW.cpp,WindowGLFW::SetWindowCaption(std::string caption),2,2,2,0,0,0,0,0,
G:\Google Drive\Digipen Institute of Technology\GAM 200\Repository\DCEngine\Core\Systems\Window\WindowGLFW.cpp,WindowGLFW::ViewportUpdate(),3,2,2,0,1,0,0,0,
G:\Google Drive\Digipen Institute of Technology\GAM 200\Repository\DCEngine\Core\Systems\Window\WindowGLFW.cpp,WindowGLFW::PollEvents(),14,5,4,1,2,0,7,64,
G:\Google Drive\Digipen Institute of Technology\GAM 200\Repository\DCEngine\Core\Systems\Window\WindowSFML.cpp,WindowSFML::WindowSFML(),1,1,1,0,0,0,0,0,
G:\Google Drive\Digipen Institute of Technology\GAM 200\Repository\DCEngine\Core\Systems\Window\WindowSFML.cpp,WindowSFML::~WindowSFML(),1,1,1,0,0,0,0,0,
G:\Google Drive\Digipen Institute of Technology\GAM 200\Repository\DCEngine\Core\Systems\Window\WindowSFML.cpp,WindowSFML::Initialize(),23,12,11,1,3,0,8,63,
G:\Google Drive\Digipen Institute of Technology\GAM 200\Repository\DCEngine\Core\Systems\Window\WindowSFML.cpp,WindowSFML::Update(float dt),6,3,2,1,1,0,2,23,
G:\Google Drive\Digipen Institute of Technology\GAM 200\Repository\DCEngine\Core\Systems\Window\WindowSFML.cpp,WindowSFML::StartFrame(),1,1,1,0,0,0,0,0,
G:\Google Drive\Digipen Institute of Technology\GAM 200\Repository\DCEngine\Core\Systems\Window\WindowSFML.cpp,WindowSFML::EndFrame(),2,2,2,0,0,0,0,0,
G:\Google Drive\Digipen Institute of Technology\GAM 200\Repository\DCEngine\Core\Systems\Window\WindowSFML.cpp,WindowSFML::Terminate(),3,3,3,0,0,0,0,0,
G:\Google Drive\Digipen Institute of Technology\GAM 200\Repository\DCEngine\Core\Systems\Window\WindowSFML.cpp,"WindowSFML::SetWindowSize(int width, int height)",3,3,3,0,0,0,0,0,
G:\Google Drive\Digipen Institute of Technology\GAM 200\Repository\DCEngine\Core\Systems\Window\WindowSFML.cpp,WindowSFML::SetWindowCaption(std::string caption),2,2,2,0,0,0,0,0,
